<?xml version="1.0" encoding="UTF-8"?>
<project xmlns="http://maven.apache.org/POM/4.0.0" xmlns:xsi="http://www.w3.org/2001/XMLSchema-instance"
         xsi:schemaLocation="http://maven.apache.org/POM/4.0.0 http://maven.apache.org/xsd/maven-4.0.0.xsd">

    <modelVersion>4.0.0</modelVersion>

    <groupId>${ivy.pom.groupId}</groupId>
    <artifactId>${ivy.pom.artifactId}</artifactId>
    <packaging>${ivy.pom.packaging}</packaging>
    <version>${ivy.pom.version}</version>

    <name>${ivy.pom.name}</name>
    <description>${ivy.pom.description}</description>
    <url>${ivy.pom.url}</url>

    <licenses>
        <license>
            <name>The Apache Software License, Version 2.0</name>
            <url>http://www.apache.org/licenses/LICENSE-2.0.txt</url>
        </license>
    </licenses>

    <developers>
        <!-- the current core team plus hannes as BDFL -->
        <developer>
            <id>hns</id>
            <name>Hannes Wallnöfer</name>
            <url>http://github.com/ringo/ringojs/commits/master?author=hns</url>
        </developer>
        <developer>
            <id>oberhamsi</id>
            <name>Simon Oberhammer</name>
            <url>http://github.com/ringo/ringojs/commits/master?author=oberhamsi</url>
        </developer>
        <developer>
            <id>botic</id>
            <name>Philipp Naderer-Puiu</name>
            <url>http://github.com/ringo/ringojs/commits/master?author=botic</url>
        </developer>
        <developer>
            <id>grob</id>
            <name>Robert Gaggl</name>
            <url>http://github.com/ringo/ringojs/commits/master?author=grob</url>
        </developer>
    </developers>

    <scm>
        <connection>scm:git:git@github.com:ringo/ringojs.git</connection>
        <developerConnection>scm:git:git@github.com:ringo/ringojs.git</developerConnection>
        <url>https://github.com/ringo/ringojs.git</url>
    </scm>

    <issueManagement>
        <system>GitHub Issues</system>
        <url>https://github.com/ringo/ringojs/issues</url>
    </issueManagement>

    <build>
        <sourceDirectory>${src}</sourceDirectory>
        <testSourceDirectory>${home}/org/ringojs/test</testSourceDirectory>
    </build>

</project>